{
    "accuracy": 0.7678598269309227,
    "macro_acc": 0.7225531564374734,
    "precision": 0.6123287671232877,
    "recall": 0.6098226466575716,
    "f1": 0.6110731373889269,
    "yes_ratio": 0.2978248266088338,
    "TP": 8493,
    "TN": 27267,
    "FP": 5377,
    "FN": 5434,
    "total": 46571
}