{
    "accuracy": 0.7641509433962265,
    "macro_acc": 0.7493024892825833,
    "precision": 0.5871806364858808,
    "recall": 0.7123436650353453,
    "f1": 0.6437346437346437,
    "yes_ratio": 0.3628822381262199,
    "TP": 1310,
    "TN": 3388,
    "FP": 921,
    "FN": 529,
    "total": 6148
}